Product,Column1,Column2,Column3
"Evolve Cash Back 
Credit Card













","Earn 5% cash back
On everyday purchase at
different places you shop 
each quarter ,upto the quarterly maximum when
you activate.

Plus earn 1% cash back on
all other purchases

No annual fee



","
Unlimited Cashback Match
Get an Unlimted dollar-
for-dollar match of all the 
cash back you earn at the 
end of your first 
year automatically.There
is no limit to how much
we 'll match. 


















","0% intro APR for 15
months on purchases and
balance transfers and 3% 
intro Balance Transfer Fee 
until October 10,2024.

Then 18.24% to 28.24% 
Standard Variable 
Purchase APR and up to 
5% fee for future balance transfers will apply.








"
"Evolve Travel Plus
Credit Card



","Earn 5% on ticket/hotel booking with specific merchants.
Plus, earn 1% cash back on all other purchases.

$99 Annual Fee","Card opening bonus with 50,000 points if card member spends $4000 in first 3 months.


","0% Apr on purchases for first 12 months and balance transfer and 2 % intro balance transfer fee until Aug31,2024.
Then 19.00% to 29.99% standard variable purchase APR."
"Evolve Fuel Plus 
Credit Card







","Earn 2% on Fuel purchases
for up to $5000.
Plus, earn 1% cash back on
all other purchases.

No Annual Fee



","We’ll automatically 
match all the Miles 
you’ve earned at the 
end of your first year. 
There is no limit to how 
much we’ll match.2 There's no signing up, no 
minimum spending or 
maximum rewards. 
","19.00% to 29.99% standard variable purchase APR







"
"Evolve Platinum 
Credit Card




","Earn 1.5 % cash back on all 
purchases.

No Annual Fee


","Card opening bonus with
15,000 points if card member spends $1000 in first 3
months.


","0% Apr on purchases for 
first 12 months and 
balance transfer and 2 %
 intro balance transfer 
fee until Aug31,2024.
Then 18.50% to 29.99%
standard variable purchase APR"
"Evolve blue Cash 
Credit Card




","Earn 6% on Grocery
purchases with specific 
merchants.
Plus, earn 1% cash back 
on all other purchases.

$99 Annual Fee","Card opening bonus
with 30,000 points if 
card member spends 
$3000 in first 3 
months.

","0% Apr on purchases for first 
12 months and balance 
transfer and 2 % intro 
balance transfer fee 
until Aug31,2024.
Then 18.00% to 29.99% 
standard variable purchase APR."
"Evolve renovation
Credit  Card






","Earn 5% on Electric 
Appliances and home 
building products with
specific merchants.

Plus, earn 1% cash back on 
all other purchases.

No Annual Fee","Purchases over $1500 can be moved to Differed Interest 
Promo up to Dec 2024.





","0% Apr on purchases for 
first 12 months and 
balance transfer and 2 % 
intro balance transfer
fee until Nov30,2024.
Then 18.00% to 29.99% 
standard variable 
purchase APR.
"
